
{
    "Name": "Store",
    "Types": [
        {
            "Name": "Store.Services.Log",
            "Logging Methods": [
                {
                    "Name": "LogOrders",
                    "Parameters": [
                        {
                            "Name": "logger",
                            "Type": "Microsoft.Extensions.Logging.ILogger",
                            "File": "C:\\Developer\\mslearn-dotnet-cloudnative\\dotnet-compliance\\eShopLite\\Store\\Services\\ProductService.cs",
                            "Line": "103"
                        },
                        {
                            "Name": "order",
                            "Type": "DataEntities.Order",
                            "File": "C:\\Developer\\mslearn-dotnet-cloudnative\\dotnet-compliance\\eShopLite\\Store\\Services\\ProductService.cs",
                            "Line": "103"
                        }
                    ]
                }
            ]
        }
    ]
}